fecha	doctor	gasto	impresiones	alcance	clics	cpm	ctr	cpc	cpa_estimado	conversaciones	costo_conversacion
6/20/2026	Dr. Andrei	0	0	0	0	0	0	0	0		
6/20/2026	Dr. Moreno	210.8	7230	6580	212	29.16	2.93	0.99	12400		
6/21/2026	Dr. Andrei	0	0	0	0	0	0	0	0		
6/21/2026	Dr. Moreno	158.84	7138	6580	197	22.25	2.76	0.81	9930		
6/22/2026	Dr. Andrei	0	0	0	0	0	0	0	0		
6/22/2026	Dr. Moreno	167.51	7109	6743	174	23.56	2.45	0.96	11965		
6/23/2026	Dr. Andrei	0	0	0	0	0	0	0	0		
6/23/2026	Dr. Moreno	151.55	6190	5766	137	24.48	2.21	1.11	13777		
6/24/2026	Dr. Andrei	0	0	0	0	0	0	0	0		
6/24/2026	Dr. Moreno	139.83	5865	5446	166	23.84	2.83	0.84	10756		
6/25/2026	Dr. Andrei	0	0	0	0	0	0	0	0		
6/25/2026	Dr. Moreno	153.71	6582	6340	175	23.35	2.66	0.88	10979		
6/26/2026	Dr. Andrei	0	0	0	0	0	0	0	0		
6/26/2026	Dr. Moreno	155.69	5978	5598	145	26.04	2.43	1.07	12974		
6/27/2026	Dr. Andrei	87.04	2037	1093	47	42.73	2.31	1.85	21760		
6/27/2026	Dr. Moreno	127.48	5927	5853	118	21.51	1.99	1.08	14164		
6/28/2026	Dr. Andrei	105.3	2371	1318	71	44.41	2.99	1.48	17550		
6/28/2026	Dr. Moreno	166.61	7340	7019	144	22.7	1.96	1.16	13884		
6/29/2026	Dr. Andrei	82.93	2112	1105	40	39.27	1.89	2.07	27643		
6/29/2026	Dr. Moreno	150.4	8651	8179	207	17.39	2.39	0.73	8847		
6/30/2026	Dr. Andrei	99.19	2148	1232	40	46.18	1.86	2.48	33063		
6/30/2026	Dr. Moreno	151	9446	8979	321	15.99	3.4	0.47	5808		
7/1/2026	Dr. Andrei	94.15	2349	1311	43	40.08	1.83	2.19	31383		
7/1/2026	Dr. Moreno	164.2	12486	11828	382	13.15	3.06	0.43	5297		
7/2/2026	Dr. Andrei	113.23	6565	5842	157	17.25	2.39	0.72	8710	0	
7/2/2026	Dr. Moreno	147.1	10972	9972	319	13.41	2.91	0.46	5658	0	
7/3/2026	Dr. Andrei	90.91	11155	9919	221	8.15	1.98	0.41	5051	0	
7/3/2026	Dr. Moreno	204.75	9995	8974	321	20.49	3.21	0.64	7875	1	83.18
7/4/2026	Dr. Andrei	79.73	4928	4239	122	16.18	2.48	0.65	7973	2	22.43
7/4/2026	Dr. Moreno	159.83	6220	5491	229	25.7	3.68	0.7	8879	3	11.36
7/5/2026	Dr. Andrei	62.11	1605	838	19	38.7	1.18	3.27	31055	0
7/5/2026	Dr. Moreno	175.6	5452	4508	222	32.21	4.07	0.79	9756	6	14.90
7/6/2026	Dr. Andrei	106.37	3037	1813	52	35.02	1.71	2.05	26593	0
7/6/2026	Dr. Moreno	212.27	5973	4886	229	35.54	3.83	0.93	11793	9	15.51
7/7/2026	Dr. Andrei	65.79	1669	1157	17	39.42	1.02	3.87	65790	0
7/7/2026	Dr. Moreno	182.85	4537	3689	198	40.3	4.36	0.92	11428	8	13.16
7/8/2026	Dr. Andrei	0	0	0	0	0	0	0	0	0
7/8/2026	Dr. Moreno	151.05	4139	3463	160	36.49	3.87	0.94	11619	5	16.18
7/9/2026	Dr. Andrei	17.64	592	439	19	29.8	3.21	0.93	0	0
7/9/2026	Dr. Moreno	157.77	4208	3464	159	37.49	3.78	0.99	19721	8	11.02
7/10/2026	Dr. Andrei	56.48	1674	1178	47	33.74	2.81	1.2	9413	6	9.41
7/10/2026	Dr. Moreno	147.64	4005	3324	167	36.86	4.17	0.88	36910	4	17.86
7/11/2026	Dr. Andrei	166.10	3943	2671	102	42.13	2.59	1.63	18456	9	18.46
7/11/2026	Dr. Moreno	136.85	3888	3166	179	35.2	4.60	0.76	22808	6	11.23
7/12/2026	Dr. Andrei	132.47	1986	1131	51	66.70	2.57	2.60	26494	5	26.49
7/12/2026	Dr. Moreno	45.43	1355	1189	51	33.53	3.76	0.89	22715	2	10.29
7/13/2026	Dr. Andrei	107.28	1396	669	26	76.85	1.86	4.13	107280	1	107.28
7/13/2026	Dr. Moreno	0	0	0	0	0	0	0	0	0	
7/19/2026	Dr. Andrei	86.64	2705	1830	62	32.03	2.29	1.4	21660	4	21.67
7/19/2026	Dr. Moreno	126.8	1271	1066	65	99.76	5.11	1.95	0	0	
7/20/2026	Dr. Andrei	21.46	636	529	21	33.74	3.3	1.02	7153	3	7.15
7/20/2026	Dr. Moreno	152.08	1852	1543	105	82.12	5.67	1.45	76040	2	13.64
7/21/2026	Dr. Andrei	0	0	0	0	0	0	0	0	0	
7/21/2026	Dr. Moreno	219.97	2570	1936	124	85.59	4.82	1.77	54992	4	29.28
7/22/2026	Dr. Andrei	75.6	2091	1679	28	36.15	1.34	2.7	0	0	
7/22/2026	Dr. Moreno	179.43	2260	1711	99	79.39	4.38	1.81	29905	6	16.22
7/23/2026	Dr. Andrei	74.18	2174	1808	39	34.12	1.79	1.9	0	0	
7/23/2026	Dr. Moreno	183.67	2326	1782	107	78.96	4.6	1.72	61223	3	31.39
7/24/2026	Dr. Andrei	56.86	1817	1628	57	31.29	3.14	1.00	0	0	
7/24/2026	Dr. Moreno	182.06	2573	2078	127	70.76	4.94	1.43	30343	6	15.65
7/25/2026	Dr. Andrei	54.64	2043	1867	52	26.74	2.55	1.05	0	0	
7/25/2026	Dr. Moreno	172.57	2435	1956	115	70.87	4.72	1.50	43143	4	21.83
7/26/2026	Dr. Andrei	74.44	2818	2512	51	26.42	1.81	1.46	0	0
7/26/2026	Dr. Moreno	228.95	2982	2439	111	76.78	3.72	2.06	45790	5	24.38
7/27/2026	Dr. Andrei	76.9	2940	2678	60	26.16	2.04	1.28	0	0	
7/27/2026	Dr. Moreno	232.5	2869	2198	120	81.04	4.18	1.94	58125	4	33.17
7/28/2026	Dr. Andrei	53.3	1819	1657	48	29.3	2.64	1.11	0	0	
7/28/2026	Dr. Moreno	187.68	2291	1828	88	81.92	3.84	2.13	62560	3	30.82
7/29/2026	Dr. Andrei	75.75	2444	2255	62	30.99	2.54	1.22	0	0	
7/29/2026	Dr. Moreno	181.81	2307	1825	106	78.81	4.59	1.72	36362	5	17.91
7/30/2026	Dr. Andrei	74.89	2317	2162	41	32.32	1.77	1.83	0	0	
7/30/2026	Dr. Moreno	196.06	2317	1875	77	84.62	3.32	2.55	65353	3	30.37
7/31/2026	Dr. Andrei	76.94	2293	2080	44	33.55	1.92	1.75	0	0	
7/31/2026	Dr. Moreno	203.08	2312	1855	92	87.84	3.98	2.21	101540	2	49.98
8/1/2026	Dr. Andrei	92.34	3119	2847	80	29.61	2.56	1.15	0	0	
8/1/2026	Dr. Moreno	225.05	2637	2175	88	85.34	3.34	2.56	45010	5	25.69
8/2/2026	Dr. Andrei	76.18	2426	2220	49	31.4	2.02	1.55	0	0	
8/2/2026	Dr. Moreno	244.8	3073	2445	122	79.66	3.97	2.01	27200	9	16.44
8/3/2026	Dr. Andrei	54.82	1858	1746	32	29.5	1.72	1.71	0	0	
8/3/2026	Dr. Moreno	232.01	2769	2350	97	83.79	3.5	2.39	116005	2	60.87
8/4/2026	Dr. Andrei	88.79	3183	2918	76	27.9	2.39	1.17	0	0	
8/4/2026	Dr. Moreno	385.85	5783	4632	180	66.72	3.11	2.14	96463	4	65.69
8/5/2026	Dr. Andrei	77.87	3007	2727	65	25.90	2.16	1.20	0	0	
8/5/2026	Dr. Moreno	328.02	5568	4813	165	58.91	2.96	1.99	82005	4	55.02
8/6/2026	Dr. Andrei	76.10	2830	2563	57	26.89	2.01	1.34	0	0	
8/6/2026	Dr. Moreno	264.91	3285	2769	109	80.64	3.32	2.43	37844	7	25.90
8/7/2026	Dr. Andrei	54.52	1865	1698	43	29.23	2.31	1.27	0	0	
8/7/2026	Dr. Moreno	277.39	2827	2355	128	98.12	4.53	2.17	39627	7	32.19
8/9/2026	Dr. Andrei	57.85	6063	5593	178	9.54	2.94	0.33	0	0	
8/9/2026	Dr. Moreno	294.97	5782	5142	389	51.02	6.73	0.76	294970	1	183.50
8/10/2026	Dr. Andrei	131.86	12009	10917	352	10.98	2.93	0.37	0	0	
8/10/2026	Dr. Moreno	306.88	5091	4350	300	60.28	5.89	1.02	76720	4	53.18
8/11/2026	Dr. Andrei	170.44	9452	8208	315	18.03	3.33	0.54	24349	7	13.72
8/11/2026	Dr. Moreno	273.30	5178	4444	309	52.78	5.97	0.88	45550	6	28.69
8/12/2026	Dr. Andrei	250.89	10011	7964	333	25.06	3.33	0.75	41815	6	29.83
8/12/2026	Dr. Moreno	198.95	4448	3986	255	44.73	5.73	0.78	0	0	
8/13/2026	Dr. Andrei	284.72	11738	10487	343	24.26	2.92	0.83	20337	14	14.55
8/13/2026	Dr. Moreno	94.99	3254	3017	264	29.19	8.11	0.36	0	0	
8/24/2026	Dr. Andrei	254.41	11297	9577	280	22.52	2.48	0.91	36344	7	26.73
8/24/2026	Dr. Moreno	99.1	3151	3000	240	31.45	7.62	0.41	0	0	
8/25/2026	Dr. Andrei	245.81	12643	10969	318	19.44	2.52	0.77	49162	5	32.1
8/25/2026	Dr. Moreno	112.75	3796	3531	263	29.7	6.93	0.43	0	0	
8/26/2026	Dr. Andrei	226.18	12033	10132	385	18.8	3.2	0.59	25131	9	16.9
8/26/2026	Dr. Moreno	94.46	3084	2900	216	30.63	7.0	0.44	0	0	
8/27/2026	Dr. Andrei	176.88	10326	9418	294	17.13	2.85	0.6	25269	7	14.71
8/27/2026	Dr. Moreno	85.53	3040	2905	201	28.13	6.61	0.43	0	0	
8/28/2026	Dr. Andrei	229.1	13541	11917	309	16.92	2.28	0.74	22910	10	15.54
8/28/2026	Dr. Moreno	96.64	3409	3102	222	28.35	6.51	0.44	0	0	
8/29/2026	Dr. Andrei	164.34	7992	6997	212	20.56	2.65	0.78	27390	6	17.61
8/29/2026	Dr. Moreno	95.85	3373	3101	241	28.42	7.14	0.4	0	0	
8/30/2026	Dr. Andrei	265.67	14221	12956	332	18.68	2.33	0.8	44278	6	27.79
8/30/2026	Dr. Moreno	114.14	3986	3690	262	28.64	6.57	0.44	0	0	
8/31/2026	Dr. Andrei	280.15	14802	13603	332	18.93	2.24	0.84	20011	14	15.08
8/31/2026	Dr. Moreno	97.56	3470	3292	243	28.12	7.0	0.4	0	0	
9/1/2026	Dr. Andrei	202.42	12055	11247	308	16.79	2.55	0.66	33737	6	20.89
9/1/2026	Dr. Moreno	113.28	4273	3891	265	26.51	6.2	0.43	0	0	
9/2/2026	Dr. Andrei	242.53	16157	14324	386	15.01	2.39	0.63	26948	9	18.17
9/2/2026	Dr. Moreno	103.94	3766	3467	253	27.6	6.72	0.41	0	0	
9/3/2026	Dr. Andrei	191.78	11698	10415	352	16.39	3.01	0.54	15982	12	12.13
9/3/2026	Dr. Moreno	88.39	3114	2959	222	28.38	7.13	0.4	0	0	
9/4/2026	Dr. Andrei	186.0	14254	13197	333	13.05	2.34	0.56	20667	9	10.89
9/4/2026	Dr. Moreno	90.64	3285	3059	269	27.59	8.19	0.34	0	0	
9/5/2026	Dr. Andrei	191.12	12883	11717	255	14.84	1.98	0.75	38224	5	25.93
9/5/2026	Dr. Moreno	90.34	3310	3135	249	27.29	7.52	0.36	0	0	
9/6/2026	Dr. Andrei	230.3	14344	13225	322	16.06	2.24	0.72	28788	8	17.69
9/6/2026	Dr. Moreno	102.72	3876	3624	252	26.5	6.5	0.41	0	0	
9/7/2026	Dr. Andrei	282.06	16174	14217	346	17.44	2.14	0.82	17629	16	13.46
9/7/2026	Dr. Moreno	104.5	4021	3879	287	25.99	7.14	0.36	0	0	
